{"macros":{"mode":"expert","macrogroups":{"28311552-bfae-45eb-aea0-90dec31379ce":{"name":"Calibration/ Troubleshooting Macros","color":"primary","colorCustom":"#fff","showInStandby":true,"showInPause":false,"showInPrinting":false,"macros":[{"pos":1,"name":"GENERATE_SHAPER_GRAPHS","color":"group","showInStandby":true,"showInPrinting":false,"showInPause":false},{"pos":2,"name":"BELT_TENSION_XY","color":"group","showInStandby":true,"showInPrinting":false,"showInPause":false},{"pos":3,"name":"BELT_TENSION_Z","color":"group","showInStandby":true,"showInPrinting":false,"showInPause":false},{"pos":4,"name":"BUILD_BED_MESH","color":"group","showInStandby":true,"showInPrinting":false,"showInPause":false},{"pos":5,"name":"EXTRUDER_CALIBRATION","color":"group","showInStandby":true,"showInPrinting":false,"showInPause":false},{"pos":6,"name":"PIS_ON","color":"group","showInStandby":true,"showInPrinting":false,"showInPause":false},{"pos":7,"name":"PIS_OFF","color":"group","showInStandby":true,"showInPrinting":false,"showInPause":false},{"pos":8,"name":"TEST_SPEED","color":"group","showInStandby":true,"showInPrinting":false,"showInPause":false},{"pos":9,"name":"Z_OFFSET_CALIBRATE","color":"group","showInStandby":true,"showInPrinting":true,"showInPause":true}]},"774ba4b6-6310-4552-a599-3be54263a08a":{"name":"Standby/ Paused  Macros","color":"primary","colorCustom":"#fff","showInStandby":true,"showInPause":true,"showInPrinting":false,"macros":[{"pos":1,"name":"Disable_XY","color":"group","showInStandby":true,"showInPrinting":false,"showInPause":true},{"pos":2,"name":"UNLOAD_FILAMENT","color":"group","showInStandby":true,"showInPrinting":false,"showInPause":true},{"pos":3,"name":"LOAD_FILAMENT","color":"group","showInStandby":true,"showInPrinting":false,"showInPause":true}]},"28aa6ff5-0186-43d6-9d21-116682477ee0":{"name":"Standby Only Macros","color":"primary","colorCustom":"#fff","showInStandby":true,"showInPause":false,"showInPrinting":false,"macros":[{"pos":1,"name":"EXTRUDER_CALIBRATION","color":"group","showInStandby":true,"showInPrinting":false,"showInPause":false}]},"99ba8c8c-bed3-4ef5-887f-b9dfe3786481":{"name":"Printing  Macros","color":"primary","colorCustom":"#fff","showInStandby":false,"showInPause":false,"showInPrinting":true,"macros":[{"pos":1,"name":"M600","color":"group","showInStandby":false,"showInPrinting":true,"showInPause":false}]},"26263c7c-2e09-4b89-9009-079cc65b8d5e":{"name":"Any Time Macros","color":"primary","colorCustom":"#fff","showInStandby":true,"showInPause":true,"showInPrinting":true,"macros":[{"pos":1,"name":"LIGHT_OFF","color":"group","showInStandby":true,"showInPrinting":true,"showInPause":true},{"pos":2,"name":"LIGHT_ON","color":"group","showInStandby":true,"showInPrinting":true,"showInPause":true},{"pos":3,"name":"LIGHTS_OFF_ALL","color":"group","showInStandby":true,"showInPrinting":true,"showInPause":true}]}},"hiddenMacros":[]}}